{"cameraMode":{"drawMode":0,"name":"Shaded","section":"Shading Mode"},"sceneLighting":false,"audioPlay":false,"sceneViewState":{"m_AlwaysRefresh":false,"showFog":true,"showSkybox":false,"showFlares":true,"showImageEffects":true,"showParticleSystems":true,"showVisualEffectGraphs":true,"m_FxEnabled":true},"in2DMode":false,"pivot":{"x":-7.869999885559082,"y":0.5299999713897705,"z":-11.640000343322754},"rotation":{"x":-0.41295191645622256,"y":-0.25965043902397158,"z":0.12408725172281265,"w":-0.864101231098175},"size":0.34640994668006899,"orthographic":false}